,word1,word2,prediction
0,abandon,frost,-0.8407876136792776
1,abandon,railroad,-0.8356796511144351
2,abortion,religion,-0.427657515872503
3,abstract,candle,-0.6727133802525239
4,abstract,frog,-0.670331435066619
5,abstract,moon,-0.7058039505896158
6,abstract,rally,-0.8768666155463187
7,abuse,abuse,0.0
8,abuse,disorder,-0.46127519765342284
9,accommodate,adjust,-0.499031900156217
10,accommodation,accommodation,0.0
11,accompany,walking,-0.7505847585000595
12,account,explanation,-0.631470433313995
13,account,invoice,-0.4975913448781931
14,act,improvement,-0.7959369148496283
15,action,adjustment,-0.5809422449407036
16,action,entrance,-0.8838871646494397
17,activity,solo,-0.9008565996904724
18,activity,variation,-0.7101346312065154
19,actor,amateur,-0.5275867090885239
20,ad,track,-0.8058195948739988
21,add,increased,-0.8295098708822595
22,add,string,-0.7170398203741518
23,addition,segment,-0.5468001695970159
24,admitting,confess,-0.37086779776654943
25,adult,dentist,-0.6577169491012667
26,advance,advance,0.0
27,advance,string,-0.7027256066241667
28,advice,recommendation,-0.5414024523225118
29,advised,murder,-0.8262994084917312
30,aerial,clown,-0.753197010622659
31,africa,territory,-0.6076081934922438
32,age,history,-0.6361462979137589
33,agency,police,-0.5789620486658594
34,aim,intending,-0.57538684704328
35,air,cold,-0.6017250272162304
36,air,plasma,-0.6765570329038444
37,air,satellite,-0.6663758869793619
38,aircraft,fleet,-0.30525744234667096
39,aircraft,flight,-0.35466492371621106
40,aircraft,yacht,-0.601349518621747
41,airplane,plane,-0.1583741113053666
42,ale,bitter,-0.5960587161935567
43,alley,street,-0.3078846238461409
44,aluminum,component,-0.531797274638339
45,aluminum,imperative,-0.8490901211265217
46,american,lobster,-0.8332843434454154
47,ammunition,intolerable,-0.8713233346512907
48,amount,number,-0.3497673748830449
49,amounted,make,-0.7044169889935353
50,amusement,athletics,-0.7880042221977599
51,amusement,procedure,-0.8728319347463732
52,anatomy,palm,-0.8293863514436522
53,ancient,city,-0.6149259988271509
54,angel,asphalt,-0.7434003894370484
55,angel,pod,-0.7051095968834414
56,angrier,stormy,-0.7382223603070858
57,animal,asia,-0.8007555347138486
58,animal,flora,-0.5548232077159035
59,animal,giraffe,-0.49147886489285697
60,animal,mural,-0.6669268606699377
61,animal,wild,-0.4416297705623782
62,animal,worm,-0.48517051540480594
63,animal,zoo,-0.40634471913913106
64,anniversary,marriage,-0.7250273939551537
65,answering,counter,-0.7073902081083303
66,anxiety,insecurities,-0.38643580017756407
67,apartment,staircase,-0.4886739594164431
68,appliance,dryer,-0.4956310006717274
69,appreciate,see,-0.40229329696623617
70,approach,avenue,-0.9011643221289511
71,approach,merit,-0.6767553854731089
72,approach,trench,-0.7998273241999887
73,approval,encouragement,-0.6377158852971363
74,approving,interaction,-0.7670042779936544
75,aquarium,coin,-0.7277329653805111
76,arch,brick,-0.4602575428897895
77,arch,roof,-0.49718988824781174
78,architecture,urban,-0.379584249983156
79,area,space,-0.5768558251347541
80,argument,evidence,-0.5114703668643686
81,arm,bicycle,-0.5890855355718423
82,arm,television,-0.8353338399539605
83,arrange,discard,-0.3156273806872879
84,arrange,study,-0.9144089970584752
85,arrangement,blizzard,-0.8265067184336286
86,arrangement,room,-0.7544158985726175
87,art,craft,-0.5402265450941051
88,art,gem,-0.5018170984990836
89,art,museum,-0.29227648262641126
90,art,painting,-0.2593712741612323
91,article,cup,-0.9434214721703055
92,article,girl,-0.8666956562559873
93,ash,bone,-0.700686181863988
94,ash,coil,-0.639974901960281
95,asphalt,crane,-0.5769941820781046
96,asphalt,water,-0.45115760441197006
97,assets,exclude,-0.6869245323252868
98,association,organization,-0.4082785308557648
99,association,realtor,-0.7148234654503071
100,asylum,dollar,-0.8791225326018983
101,asylum,shelter,-0.6002396546310131
102,athletics,racing,-0.45472240540970155
103,athletics,swimming,-0.46934724447072196
104,attempt,give,-0.8879678327743031
105,attempt,initiate,-0.7426737393049533
106,attitude,notice,-0.6752171892930496
107,attitude,study,-0.81210201318216
108,attorney,lawyer,-0.0783005683157556
109,auto,bright,-0.8844885697214259
110,automobile,fabric,-0.7437165127481262
111,automobile,racing,-0.5768156041922988
112,autumn,foliage,-0.2932405514694859
113,autumn,hat,-0.6884928789390385
114,autumn,sunshine,-0.30641041171053174
115,autumn,winter,-0.23017034695323924
116,award,citation,-0.3272230946058181
117,baby,treat,-0.6493254408910076
118,back,lumbar,-0.6787069062261759
119,back,shifting,-0.7630844975263287
120,bacon,bread,-0.14315749577094028
121,bacon,pepper,-0.18689573553046446
122,bacon,salad,-0.15703663896635678
123,bacon,tomato,-0.12800820512025668
124,bacon,wild,-0.509131291962156
125,bag,cop,-0.7213092163768797
126,bag,flag,-0.6054867818397772
127,bakery,cake,-0.403270435806131
128,bakery,vehicle,-0.737794594626542
129,balance,gauge,-0.5640853412695845
130,banana,salad,-0.2502058299177288
131,band,guitar,-0.22919315761393122
132,band,metal,-0.6264188791401313
133,band,play,-0.6471506004133245
134,band,uniform,-0.6398415736199564
135,band,vinyl,-0.6088125124263049
136,bank,smell,-0.9658954409339616
137,bankruptcy,enterprise,-0.620598450880187
138,bar,diner,-0.29706638894351256
139,bar,ship,-0.7678548874037676
140,bar,stair,-0.6385091835108387
141,bar,sushi,-0.362041686975506
142,barn,food,-0.6751383364348174
143,barrel,gallon,-0.23179464828336505
144,base,club,-0.714275347974865
145,baseball,born,-0.8210395898328311
146,baseball,cactus,-0.747435837863818
147,baseball,game,-0.40161211777725137
148,baseball,hockey,-0.22748551643202963
149,baseball,season,-0.5481328882676028
150,basket,dinner,-0.6111057597438618
151,basketball,lesson,-0.7640094019740411
152,basketball,squash,-0.7181079999864461
153,bat,bats,-0.26807267541066526
154,bath,bedroom,-0.4048907726562274
155,bath,floor,-0.4731631343693261
156,bath,hot,-0.38742139194762837
157,bath,sleep,-0.5876977582244814
158,bathroom,chamber,-0.6510372908258368
159,bay,curve,-0.8009823914912633
160,bay,harbour,-0.38680756460528565
161,beach,cliff,-0.4808209547065695
162,beach,pebble,-0.49426195441173193
163,bead,chess,-0.7504647185569044
164,bead,gold,-0.6322001610347147
165,bead,redhead,-0.7532448607230879
166,beam,column,-0.7150028531955015
167,beard,hair,-0.240255646863882
168,beat,meter,-0.7438818223134467
169,bed,candy,-0.5659135331135947
170,bed,floor,-0.3738478603772202
171,bed,furniture,-0.4862657466805782
172,bed,layer,-0.5727816930663612
173,bed,pillow,-0.27187146111665206
174,bed,relax,-0.6033696422606241
175,bed,sitting,-0.3296092273622351
176,bed,staircase,-0.498087793028396
177,bedroom,canyon,-0.6687869387431945
178,bedroom,ceiling,-0.38307281016394246
179,bedroom,cell,-0.6833829418683628
180,bedroom,construction,-0.8521109161982878
181,bedroom,door,-0.3024969718137821
182,bedroom,downtown,-0.662579425222221
183,bedroom,room,-0.18601812113093585
184,bedroom,stair,-0.525588491394539
185,bedroom,staircase,-0.37508465200296237
186,beef,chicken,-0.0974931958441777
187,beef,lamb,-0.14546312252796578
188,beef,pepper,-0.27211354805950616
189,beef,potato,-0.19060665792420828
190,beer,patio,-0.5293067152590958
191,beer,wild,-0.5689238529939382
192,being,characters,-0.7138363772651886
193,believe,week,-0.9362887154305354
194,belly,black,-0.46810809853337065
195,belly,dance,-0.5427206731084032
196,belly,dark,-0.4291074231528551
197,belly,field,-0.7598847675694416
198,belly,stripe,-0.5794939509426231
199,bench,game,-0.44732086972262464
200,benefited,get,-0.8556702566681624
201,bent,double,-0.6731133892241116
202,bent,inclination,-0.6524090926370512
203,berlin,germany,-0.49043783530368
204,berry,blossom,-0.47804544948052474
205,berry,bright,-0.5899256204229996
206,berry,dessert,-0.4472076222592113
207,berry,ivy,-0.5775472856520851
208,berry,raspberry,-0.367054996966813
209,berry,seed,-0.558252166062426
210,berry,sweet,-0.3989865268781154
211,bias,prejudice,-0.21414685053403593
212,bible,misty,-0.7219153667463529
213,bicycle,green,-0.6451086907424037
214,bigger,large,-0.415934462414296
215,bike,chopper,-0.5695045662288296
216,bikini,ivy,-0.6746225560893865
217,bin,cup,-0.9209126599231786
218,bird,cock,-0.5316199165344697
219,bird,dragonfly,-0.5744856007610308
220,bird,flamingo,-0.6026140662231283
221,bird,goose,-0.386152486109554
222,bird,insect,-0.37940241280832154
223,bird,reptile,-0.3522125247274036
224,bird,shade,-0.6368128927138164
225,bird,solid,-0.7759891345267096
226,bishop,priest,-0.22919905615970015
227,bishop,radical,-0.7947640360428283
228,bishop,wine,-0.8825128269659459
229,bit,curb,-0.8337894784038362
230,bit,tool,-0.7525239605955211
231,bitter,taste,-0.5477605840344528
232,black,blue,-0.18686319323058076
233,black,bright,-0.31756991014245495
234,black,brown,-0.35288731639395365
235,black,cigarette,-0.6206378955910877
236,black,juvenile,-0.745855367604814
237,black,skirt,-0.2628191531860007
238,black,white,-0.12493315554478968
239,blast,smashing,-0.5575811900165899
240,blaze,pig,-0.7867057650322559
241,blessing,patronage,-0.5905271488372774
242,blizzard,rash,-0.5497028988129966
243,block,hinder,-0.466474896125217
244,blonde,haircut,-0.3917910126612192
245,blonde,wig,-0.3689474465319239
246,bloom,flower,-0.3421331372092278
247,bloom,friend,-0.6561418726978174
248,bloom,plant,-0.5440167363159898
249,bloom,purple,-0.5082445068784032
250,blossom,bud,-0.5033538469671405
251,blossom,cherry,-0.30467841988324373
252,blossom,daisy,-0.4230177564007318
253,blossom,foliage,-0.41852913088709964
254,blossom,orange,-0.37440429539204556
255,blossom,petal,-0.4202473646303765
256,blossom,purple,-0.4387216928278853
257,blow,contact,-0.8816910243005393
258,blow,swat,-0.7420813959605568
259,blowing,smoking,-0.6420062818297785
260,blue,colour,-0.5966225463447895
261,blue,happy,-0.8613450064165196
262,blue,report,-0.951176978316094
263,blue,shade,-0.3297466119622189
264,blue,skirt,-0.28719541033083085
265,blues,rhythm,-0.34633091574958774
266,blur,focus,-0.6181439774218309
267,blur,metro,-0.7288389851938015
268,board,deal,-0.7022556411383412
269,boardwalk,park,-0.31384194723509073
270,boast,complain,-0.5761715603588795
271,boat,negro,-0.8081679541048503
272,boat,shore,-0.3393497673478393
273,bold,forward,-0.7255380414218571
274,bold,leader,-0.8343417501879173
275,bone,skull,-0.26807333542834566
276,book,building,-0.8606988552473431
277,book,smoking,-0.8304471156226894
278,booklet,reference,-0.5018443931330576
279,boot,kick,-0.5781514980457169
280,boot,punch,-0.5646055095850302
281,bootleg,produce,-0.6109155662731138
282,bootleg,whiskey,-0.4602228918108616
283,born,construction,-0.8926034554913596
284,born,mother,-0.4200004907525693
285,born,subway,-0.8570415080335815
286,bottle,wine,-0.29033896316283736
287,bound,line,-0.6859346803191986
288,bound,skirt,-0.7037196883076935
289,bowling,wheel,-0.6996859660663115
290,boxer,stair,-0.7336805677006216
291,boxing,hit,-0.7907699585811744
292,boy,hand,-0.6251388655490053
293,boy,live,-0.6847316066773927
294,bracelet,jewelry,-0.3727430871933751
295,bracelet,mountain,-0.7726220765419919
296,brain,head,-0.7195641596601234
297,brake,click,-0.7084431433594832
298,branch,tea,-0.7784458984435404
299,brass,executive,-0.8658469097136143
300,brazil,nut,-0.7995254017447254
301,brazil,triple,-0.7217133287083731
302,bread,bun,-0.32810380646615567
303,bread,cooking,-0.22163768759521885
304,bread,cover,-0.48810585970532694
305,bread,dessert,-0.18026764202024104
306,bread,egg,-0.14463113673999084
307,bread,medicine,-0.7901265642942454
308,break,glittering,-0.740888969336691
309,break,scattered,-0.7589795198598754
310,breakfast,diner,-0.31374029128352166
311,breakfast,evening,-0.549884315423957
312,breakfast,lunch,-0.10097813701400726
313,breakfast,makeup,-0.7658931071491826
314,breakfast,morning,-0.6093109057994549
315,breakfast,people,-0.8690528449955572
316,breakfast,relax,-0.6552830653785939
317,brick,cement,-0.30360239776480913
318,brick,construction,-0.5962926255992396
319,brick,skyscraper,-0.4266015863953634
320,bride,photographer,-0.505424373848528
321,bright,dark,-0.21981989685807735
322,bright,fruit,-0.5528303101439385
323,bright,mist,-0.5208109133431285
324,bright,raspberry,-0.5339791346715066
325,bright,shade,-0.3088887984622398
326,bright,sky,-0.3853723785021136
327,bring,presenting,-0.7302525151807686
328,bring,return,-0.5232156194899877
329,broadcast,packet,-0.7940757400940103
330,bronze,sculpture,-0.433104261550032
331,bronze,suspicion,-0.912610540395486
332,brown,green,-0.23549728513173773
333,brown,hawk,-0.6203177783730001
334,brown,purple,-0.3982136130862186
335,brown,white,-0.2797422890867298
336,brussels,sweden,-0.6589090898597986
337,bucket,water,-0.3357911767026117
338,bud,flower,-0.5312467852213856
339,bud,ivy,-0.537608419965209
340,budget,fund,-0.5895104654855087
341,budget,scale,-0.6057400273187781
342,bug,insect,-0.25232449644989063
343,building,cafe,-0.6078966335304041
344,building,construction,-0.31410940487481875
345,building,downtown,-0.3304887503804613
346,building,floor,-0.43280747693735877
347,building,ministry,-0.8583475918919332
348,building,tall,-0.576206912983063
349,building,zombie,-0.8828518810477545
350,burger,cooking,-0.46262433702339134
351,burger,dessert,-0.3783370186995605
352,burger,salad,-0.33850100201700983
353,burger,soup,-0.3614588265260481
354,burn,fire,-0.4740534371876506
355,burn,ripple,-0.7253998571293546
356,bus,rail,-0.28641368139801116
357,business,railway,-0.7256760834333484
358,butter,stick,-0.46686618427389726
359,butterfly,caterpillar,-0.6179079551918831
360,butterfly,dragonfly,-0.5077375529378195
361,butterfly,glittering,-0.5566282687120441
362,button,sticker,-0.5192899855912085
363,cafe,child,-0.8528842917745163
364,cafe,coffee,-0.3537558003340068
365,cafe,dinner,-0.36411789388482607
366,cafe,donut,-0.5460094209580478
367,cafe,lunch,-0.31783592802194227
368,cafe,pub,-0.20793117273229467
369,cafe,reflection,-0.8020463258706069
370,cafe,relax,-0.6953849612550652
371,cafe,shop,-0.35507457001157294
372,cafe,spiral,-0.731878786668434
373,cake,christmas,-0.556944505307188
374,call,meeting,-0.8125637522972688
375,call,statement,-0.7825141085116214
376,call,telephone,-0.46422877035559607
377,camel,desert,-0.5798947716908858
378,camp,camp,0.0
379,campaign,conspiracy,-0.7239077536641338
380,can,sketch,-0.7776820810536311
381,candidate,republic,-0.7545332005957952
382,canine,dog,-0.40074634869090686
383,canyon,landscape,-0.5099803435177306
384,canyon,river,-0.2125762624105637
385,car,insurance,-0.7557801594363366
386,car,pig,-0.7645907583853382
387,car,skull,-0.6962503479378851
388,card,playing,-0.7725897504213112
389,card,see,-0.8510429118988664
390,carrier,carrier,0.0
391,carrier,traveler,-0.6758983164341879
392,carrier,vehicle,-0.6335633474188229
393,carrot,memorial,-0.9116452622422249
394,carrot,salad,-0.15159980765032044
395,cart,wagon,-0.3956600464594314
396,cartoon,wit,-0.5706024899598641
397,case,clients,-0.9090269289019429
398,cast,cast,0.0
399,cast,shoot,-0.7289043046439918
400,castle,patio,-0.5187773504634607
401,castle,ruin,-0.6446960950357751
402,cat,garden,-0.6258042301558009
403,catch,catching,-0.22104025506080183
404,catch,hooks,-0.5310406250982469
405,catching,perceive,-0.7155674764084206
406,catching,playing,-0.5391327042749504
407,category,flavor,-0.7589284704491879
408,catering,loan,-0.7651642688916958
409,caterpillar,paint,-0.6832278811713438
410,cathedral,step,-0.8373319724810975
411,cattle,goat,-0.5189038214314843
412,cattle,web,-0.9084555862458761
413,cautious,film,-0.8387131497956971
414,ceiling,marble,-0.2932440140835685
415,ceiling,mug,-0.7051547914510194
416,ceiling,room,-0.42609892015639983
417,ceiling,staircase,-0.31750324256506324
418,ceiling,wall,-0.29388794107717975
419,cell,membrane,-0.4580788453215049
420,cemetery,grave,-0.40762488062661606
421,cemetery,memorial,-0.2762288644842005
422,center,center,0.0
423,center,refer,-0.8280493190919065
424,century,period,-0.7082797759165445
425,century,temperature,-0.8839716374935287
426,ceramic,floor,-0.470354806441282
427,chance,fortune,-0.7450717136383574
428,chance,opportunity,-0.2956136685581242
429,chance,ring,-0.8150566995492492
430,change,laundering,-0.8679266339692464
431,change,transforming,-0.5894792216963524
432,change,yielding,-0.7175188612224184
433,channel,sound,-0.7416997301981278
434,chaos,death,-0.6182477312950134
435,chapel,porch,-0.4659011286116934
436,chapel,ruin,-0.6915039821043177
437,charcoal,fuel,-0.649649220565571
438,charge,damage,-0.808457200663596
439,charge,sentence,-0.41114617060891834
440,checked,checked,0.0
441,cheer,musician,-0.7174045039749566
442,cheese,food,-0.41414286879143425
443,cheetah,flame,-0.7655789666638514
444,chemical,intermediate,-0.6921941182666117
445,chemistry,patient,-0.7233821691843167
446,cherry,fruit,-0.21121363728239617
447,cherry,grape,-0.19999285648525555
448,cherry,lamb,-0.3436861107332233
449,cherry,meat,-0.4462539038138601
450,cherry,orange,-0.22563351527983555
451,cherry,raspberry,-0.20021917833953184
452,chess,family,-0.7902188825189747
453,chess,toy,-0.6832702069837713
454,chicken,lamb,-0.09791780141103612
455,chicken,poultry,-0.34398287620194323
456,chief,guru,-0.4358549777169065
457,child,lad,-0.5952007382817458
458,child,street,-0.835345920023956
459,chile,plate,-0.5781341138666918
460,chocolate,rock,-0.663306298586709
461,choice,option,-0.41083404755192354
462,chopper,poppy,-0.7589663203232058
463,chord,play,-0.6832990541269173
464,christmas,valentine,-0.606073533544478
465,church,porch,-0.671179269599136
466,church,temple,-0.2650813276232381
467,circle,oval,-0.4493487600610546
468,circle,sport,-0.7321023287430417
469,city,round,-0.8642349626247093
470,city,ruin,-0.7556347464894981
471,city,sidewalk,-0.661320543472353
472,city,square,-0.47598178330942487
473,city,urban,-0.5488396610945749
474,class,sex,-0.6017094835961767
475,cliff,coast,-0.6465695729136511
476,cliff,harbour,-0.48580946004842585
477,cliff,waterfall,-0.44152142020118135
478,clinic,session,-0.8174852571087895
479,clock,timer,-0.36619019650853024
480,close,short,-0.7041770426675212
481,closed,closed,0.0
482,closed,state,-0.8462595108069942
483,closed,up,-0.6980526498668016
484,closing,closing,0.0
485,closing,finale,-0.7265572124932573
486,clothes,short,-0.6313709014229328
487,cloud,energy,-0.776969555235156
488,club,hockey,-0.4611291224516957
489,club,shirt,-0.773736687945371
490,clubhouse,pop,-0.7076731180562748
491,clue,parish,-0.8324728791053461
492,coast,scenery,-0.7682379688812424
493,coast,sunk,-0.5367776449016033
494,coast,zebra,-0.8754668141659889
495,coat,resurfacing,-0.820797086831451
496,coat,roof,-0.5888265400362132
497,cock,penis,-0.7184695441241624
498,cocktail,garage,-0.731744020116858
499,cocktail,restaurant,-0.405988133381358
500,coffee,meeting,-0.8895971763151347
501,coffee,tea,-0.12577031249424175
502,coin,gold,-0.475309448532657
503,coin,silver,-0.49871307056470326
504,coin,ticket,-0.6587494306301398
505,cold,mist,-0.4237752852284018
506,cold,rain,-0.500487999888189
507,cold,silver,-0.7509662608413018
508,cold,sunny,-0.5067544599752452
509,cold,sunshine,-0.41513918707007713
510,cold,water,-0.34517188396727483
511,cold,weather,-0.4573438955048933
512,cold,winter,-0.4017924399036784
513,coldness,cool,-0.716723967982988
514,collage,exhibition,-0.50082359226907
515,collage,paint,-0.49073748252407434
516,collage,sculpture,-0.36156676492124507
517,collage,stream,-0.6964577716933991
518,collapse,shock,-0.5701006910452577
519,collar,tiger,-0.642931530876574
520,collect,collect,0.0
521,collect,scrape,-0.6389282687852971
522,collection,library,-0.44338178794432137
523,collection,packet,-0.6802893536534649
524,color,quality,-0.5649370549261585
525,color,wash,-0.5660160051382037
526,colorful,outfit,-0.4095809990003251
527,colorful,shot,-0.8249525012534733
528,colorful,toy,-0.5061662343427482
529,colorful,wood,-0.4740308770606593
530,colors,emblem,-0.5547413709346085
531,colour,grey,-0.5936270771787346
532,colour,shade,-0.4982414399193058
533,comfort,relief,-0.5891706992602557
534,comment,mention,-0.5496513082320977
535,commercial,manufacture,-0.5109762074994186
536,commitment,guarantee,-0.5099478377135734
537,communication,theater,-0.8108091109108657
538,compact,short,-0.6219514299676205
539,company,distributor,-0.2836003449243366
540,compartment,stalls,-0.5953381202737812
541,compatible,software,-0.3282125146500299
542,competes,race,-0.6012507600004372
543,compound,enhance,-0.8697662216137902
544,compound,whole,-0.8575339061904949
545,computer,lab,-0.5333732544981125
546,computer,number,-0.7783242486134709
547,computer,platform,-0.6049971611492935
548,computer,railway,-0.7413012726054791
549,concentration,focus,-0.5913371966788638
550,concert,jazz,-0.28681253339969937
551,concert,sing,-0.455322816871391
552,concerts,settle,-0.9468279718007733
553,conclusion,judgment,-0.4198545183710891
554,conclusion,situation,-0.44194295392193195
555,concoct,request,-0.8575454870865229
556,concrete,interior,-0.6296005345559028
557,concrete,pin,-0.6737207477526725
558,cone,palm,-0.7411913796280477
559,congress,sex,-0.8370053956901998
560,connection,keyboard,-0.7130733112014481
561,consequences,position,-0.6647059508369326
562,consistency,phase,-0.8191129358281128
563,construction,downtown,-0.5500049966014411
564,construction,interior,-0.7365658907953199
565,contact,print,-0.8380092905663334
566,control,driving,-0.7471441270398262
567,cooking,dessert,-0.3011776698583011
568,cooking,eat,-0.359968302742832
569,cooking,food,-0.3255179326132014
570,cooking,frozen,-0.3392343591548028
571,cooking,salad,-0.24730578489795674
572,cool,cool,0.0
573,cool,jazz,-0.7084290978490557
574,cool,state,-0.9390131703679715
575,cop,dirty,-0.5535668076972928
576,cop,music,-0.6792928081240805
577,cop,ruin,-0.6867365048127567
578,cord,eclipse,-0.7624390371249026
579,corn,pepper,-0.24365855425144534
580,cost,price,-0.31855305541825363
581,costume,halloween,-0.38282934173428795
582,costume,radiation,-0.8833442279208923
583,cottage,patio,-0.3656531042143858
584,council,minister,-0.5450210064203134
585,count,investigation,-0.6115198305721481
586,count,number,-0.6692855693672449
587,counter,furniture,-0.6245798674124201
588,counter,negative,-0.6795895493939912
589,couple,family,-0.4954393545532788
590,couple,makeup,-0.7406710812949979
591,couple,race,-0.8381360657767665
592,cousin,relation,-0.6490944260947675
593,cover,feather,-0.659658039701412
594,cover,sleeve,-0.6350208591326187
595,covering,skin,-0.4932288458108046
596,cowboys,ranch,-0.777065207661165
597,crack,cracking,-0.289309904482831
598,cracking,noise,-0.5147551360825209
599,cracking,sound,-0.6283283848350079
600,craft,game,-0.8732100280026753
601,crane,stair,-0.6126354325903649
602,crash,swing,-0.817235191914304
603,creation,stitch,-0.7399556246866793
604,credit,flap,-0.865900333415596
605,credit,foundation,-0.7510133335178876
606,crew,unit,-0.675636386359209
607,critic,reviewers,-0.5989432409544748
608,crochet,family,-0.8099305945289497
609,crochet,jewelry,-0.649144472247461
610,crochet,knitting,-0.3656589452133693
611,cross,mug,-0.7415010695036137
612,cross,post,-0.6685729595284193
613,cross,pub,-0.7095268021706975
614,cross,shopping,-0.7807855857186057
615,crush,push,-0.5784993115729669
616,crush,split,-0.6015115295327974
617,crystal,spiral,-0.5763101351132789
618,cube,dice,-0.4796827924699292
619,cup,handbag,-0.8943893616286417
620,curb,smother,-0.5656748922948949
621,curb,train,-0.7981578188720129
622,current,flow,-0.6455358157774487
623,cut,gore,-0.8714417329142045
624,cute,fashion,-0.5244956246144116
625,cute,friend,-0.6208241226798421
626,cute,fun,-0.37033037507570665
627,cute,haircut,-0.4269418941110752
628,cylinder,pen,-0.6529308663401017
629,daisy,foliage,-0.6246336704442457
630,daisy,grass,-0.6085353294204774
631,daisy,petal,-0.5430150190553444
632,dance,hotel,-0.7284352093353124
633,dandelion,foliage,-0.6225366093336308
634,dandelion,grass,-0.5211168264547491
635,dandelion,petal,-0.5987883047381424
636,danger,status,-0.7124244790074623
637,dark,flamingo,-0.7044693729627416
638,dark,pod,-0.5943538881216827
639,dark,white,-0.2710798644425584
640,dashboard,protection,-0.8225400418614582
641,daughter,graphic,-0.8692858483799091
642,daughter,pub,-0.763170972184487
643,dawn,day,-0.5039987214440933
644,day,glide,-0.7776019762189774
645,day,horse,-0.7657624627729152
646,day,independence,-0.7195069453558505
647,day,night,-0.39150535697853617
648,day,sunny,-0.583769518870183
649,day,sunset,-0.5583267654695121
650,day,weather,-0.6406175975064876
651,dead,sidewalk,-0.6697810604258307
652,deaf,people,-0.6300577344472575
653,death,funeral,-0.5621298150219698
654,decision,option,-0.5991153254665613
655,decoration,tulip,-0.5706867814423954
656,defeat,ending,-0.626934451112519
657,defeated,people,-0.9591327368376564
658,degree,quantity,-0.6676629642662693
659,demand,supply,-0.3128000856734936
660,demolition,interior,-0.7262879844787511
661,demolition,skyscraper,-0.5059283414526932
662,demolition,tall,-0.7353713406316846
663,desert,mountain,-0.22952638259707847
664,deserve,merit,-0.3565477051670404
665,deserve,want,-0.4961506105354201
666,design,graphic,-0.6075995251868769
667,design,orange,-0.703926285449181
668,designation,recognition,-0.4989581368373567
669,designs,intend,-0.8189626423905387
670,dessert,head,-0.7968005148473611
671,dessert,salad,-0.1514047147383889
672,determination,selection,-0.7898583385354113
673,development,twist,-0.8231302142198469
674,diamond,parade,-0.7022069011215368
675,diamond,short,-0.6647811355194648
676,diamond,stencil,-0.7716435775354937
677,difficulty,problem,-0.4084561265541218
678,digit,toe,-0.7597134013169721
679,dilute,market,-0.6232862010971045
680,dinner,sitting,-0.6134252923780689
681,dinner,sleep,-0.7026825488373123
682,direction,direction,0.0
683,direction,traveling,-0.8314996529166858
684,dirt,racing,-0.6747000885069786
685,dirt,road,-0.3931149967233344
686,dirt,sand,-0.1660346007692597
687,dirty,dude,-0.5398764632666799
688,dirty,rabbit,-0.5952580208271254
689,dirty,washing,-0.3311139823695277
690,discharge,spread,-0.7357358555522489
691,discipline,discipline,0.0
692,disk,dot,-0.64979000349403
693,display,stick,-0.7423876021394918
694,dissipate,isolate,-0.6598009750618348
695,distinction,sword,-0.7201050206148171
696,distinguish,medal,-0.8935324862700365
697,distinguish,sex,-0.6879029316513894
698,disturbance,upset,-0.8048752117772718
699,diversion,skiing,-0.7238226434900372
700,dock,herb,-0.7507330586456344
701,dog,husky,-0.5181952395702076
702,dog,secretary,-0.9165241870367598
703,doll,new,-0.7428242469852953
704,dome,interior,-0.5684560192935331
705,dome,uniform,-0.7155853603710924
706,donut,panda,-0.6531054063130701
707,door,interior,-0.6608908439999143
708,door,porch,-0.3402725849481557
709,door,room,-0.36174591935355715
710,downtown,field,-0.7211947158221131
711,downtown,hockey,-0.8129927553091423
712,downtown,ruin,-0.7362015287530876
713,downtown,shopping,-0.37836562603706625
714,downtown,subway,-0.4034283542719831
715,drag,drawing,-0.6286618076963423
716,dragon,drop,-0.832278378774674
717,dragonfly,frog,-0.4660711359447087
718,dragonfly,insect,-0.4837095558418818
719,draw,draw,0.0
720,draw,entertainer,-0.8468743455680102
721,dress,match,-0.8369356967764433
722,dress,neckline,-0.22621387655010528
723,dress,outfit,-0.17043422593696633
724,dressing,patch,-0.5492058896437743
725,drill,implement,-0.780000969039798
726,drink,turn,-0.6710280395426451
727,dripping,hot,-0.40980026587425444
728,dripping,round,-0.8518718833246803
729,dripping,wet,-0.34662380481516575
730,drive,drive,0.0
731,drive,operate,-0.6564571465951134
732,drop,drop,0.0
733,drop,measure,-0.744540199922608
734,drop,sink,-0.6527130923191725
735,dropping,dropping,0.0
736,drought,time,-0.7612691300552888
737,drug,reflection,-0.8861975087303915
738,drug,sing,-0.9457358406302723
739,drug,wolf,-0.8813660194739917
740,dude,fun,-0.42601080046820694
741,dude,hanging,-0.5969915110010178
742,dude,sitting,-0.6089050053989962
743,dude,smile,-0.578972204153796
744,dusk,hummingbird,-0.6791850746018637
745,dusk,misty,-0.36659040976623314
746,dye,kiss,-0.6324610043660668
747,eagle,feather,-0.5137857534475361
748,ear,organ,-0.5192250036020427
749,earn,make,-0.6370831977197665
750,ease,relaxation,-0.5339475795184123
751,ease,rest,-0.7514566134294436
752,east,israel,-0.6909498041361388
753,easter,preference,-0.7776272765861977
754,eat,rabbit,-0.4603240358633659
755,eat,soup,-0.27361775538917055
756,eat,truck,-0.8273021668828257
757,educated,learned,-0.6826529185790335
758,effects,effects,0.0
759,egg,lego,-0.7975725876047473
760,egg,nest,-0.4731023668059414
761,egg,white,-0.5258673564245115
762,eight,movement,-0.9090518818154556
763,element,mixture,-0.7472528329911745
764,element,situation,-0.5795465203436827
765,elephant,giraffe,-0.24167862116842442
766,emission,gum,-0.8179681210285401
767,endeavor,worst,-0.8100388966482046
768,enemy,strike,-0.6248623370168043
769,enforcing,execute,-0.669683909723604
770,engine,gasoline,-0.5723654048989626
771,engineering,technology,-0.33544574808615657
772,english,french,-0.4090624113135921
773,enhanced,increased,-0.5568589163949177
774,enjoy,suffering,-0.8475572552717177
775,enterprise,industry,-0.45157765394506366
776,entrance,registration,-0.7799151696487512
777,equipment,seat,-0.7768147731769522
778,escalator,railway,-0.5220967489070472
779,escalator,redhead,-0.7550849848849431
780,establishment,establishment,0.0
781,evaluate,forecast,-0.8720360150713243
782,evening,fun,-0.7093604912730691
783,evening,night,-0.2855193354035792
784,evening,time,-0.696512929499769
785,event,influence,-0.7996332275451696
786,evidence,format,-0.7966782302088813
787,evidence,record,-0.8596787443271048
788,evil,worst,-0.7118752999671776
789,evolution,publicity,-0.7306451118759216
790,examination,quiz,-0.6433917088859049
791,executive,organization,-0.7593843463201715
792,exhibit,parade,-0.5084772176218666
793,exhibition,painting,-0.4688240913460273
794,exhibition,soup,-0.8737752477739992
795,expect,think,-0.4476657783078327
796,expectation,possibility,-0.5577996934592979
797,expedition,mystery,-0.6627080192609796
798,explosion,stencil,-0.9080254570310133
799,express,mail,-0.6065623302534705
800,extending,increase,-0.6375084603723656
801,extort,school,-0.9006595133104461
802,eye,face,-0.5119911964827951
803,eye,lip,-0.3256190605993733
804,eye,sky,-0.5369608228968878
805,fabric,lace,-0.21849739358273657
806,fabric,sail,-0.770944836289163
807,face,stop,-0.7195580031224889
808,face,tear,-0.7132542786975553
809,fair,midway,-0.8295870082998424
810,family,town,-0.6867682876931012
811,fantasy,fiction,-0.2571064402723152
812,fantasy,recycling,-0.7526310931601492
813,farm,wind,-0.7938013682509915
814,farmer,individual,-0.865996338400373
815,fashion,handwriting,-0.713145452852682
816,fashion,outfit,-0.38911627499663337
817,fauna,toy,-0.789142931862702
818,fbi,investigation,-0.3616990344321057
819,fear,fear,0.0
820,feather,flamingo,-0.559572794255896
821,feather,grey,-0.49799568096435454
822,feather,hummingbird,-0.5472958538182918
823,feather,mallard,-0.6408267104966316
824,feather,nest,-0.5027423289766023
825,feather,sunflower,-0.636393236471196
826,feedback,flow,-0.6511709440392273
827,feel,friend,-0.8510872322054344
828,feel,stop,-0.6955290716238496
829,feel,tear,-0.8362450027048767
830,feline,kitten,-0.5492908730043273
831,feline,kitty,-0.44717355038195905
832,feline,nut,-0.7371193515458605
833,feline,pumpkin,-0.7559853408271874
834,feline,reptile,-0.6019294888722242
835,female,old,-0.6006759837077051
836,female,square,-0.8310217100931105
837,festival,gate,-0.7027099011707887
838,festival,music,-0.42338683135750876
839,fiction,romance,-0.2961113009460289
840,field,handle,-0.8372181115851872
841,field,play,-0.5139475358840093
842,field,science,-0.7716682724455648
843,fighting,resist,-0.7500724107059551
844,filing,formations,-0.8671373454010458
845,filled,filled,0.0
846,find,occurrence,-0.7352065621555666
847,fine,precise,-0.6874253533479683
848,finger,toe,-0.3074403743006313
849,fingerprint,football,-0.9280440272396075
850,fire,flame,-0.5035110934766946
851,fish,fishing,-0.4956081373168084
852,fishing,shore,-0.31436904694124845
853,fishing,word,-0.8271812851082156
854,five,month,-0.6443513772922986
855,flame,peacock,-0.609260846387522
856,flame,reaction,-0.844746074018535
857,flat,housing,-0.7627928496068422
858,fleet,travel,-0.6444354637769263
859,flight,plane,-0.21782861549524912
860,flight,shoot,-0.7638264787514225
861,flood,flood,0.0
862,flood,line,-0.7666220227787003
863,floor,interior,-0.5933313849138104
864,floor,stair,-0.4078530213457803
865,flour,garlic,-0.18454351321861473
866,flower,foliage,-0.286745950568957
867,flower,garden,-0.25564197047563875
868,flower,lily,-0.3242936561007316
869,flower,petal,-0.4452620554874426
870,flower,spring,-0.45225850331570405
871,flower,yellow,-0.3161292470373168
872,flush,good,-0.7589622592587122
873,flyer,justice,-0.8421110058509345
874,fog,mist,-0.23785038037320205
875,fog,sunny,-0.45648944509459033
876,foliage,fruit,-0.4713339743714301
877,foliage,garden,-0.3793555095209925
878,foliage,moss,-0.4891971846626815
879,foliage,pink,-0.4302127119377115
880,foliage,purple,-0.38519220080703376
881,foliage,violet,-0.4771692069433765
882,followed,tailgate,-0.7530334854881547
883,follower,planet,-0.7419198241019945
884,follower,satellite,-0.8703095155815718
885,food,medium,-0.6272933714924354
886,foot,mural,-0.5305088074915172
887,foot,outdoor,-0.6050618329017456
888,foot,toe,-0.3928382864512139
889,football,justice,-0.8963016656265799
890,footprint,scooter,-0.7359210808766833
891,ford,valley,-0.8113827652010881
892,foreign,nation,-0.68827563044203
893,forest,frog,-0.6535779138100852
894,forest,ground,-0.6241441904287128
895,format,packaging,-0.5712493664600932
896,formation,perceive,-0.7812825389353413
897,formation,perform,-0.7227505252554438
898,forward,player,-0.529638135454914
899,forward,position,-0.7552309913849619
900,forward,transport,-0.8809153625980234
901,foundation,support,-0.6563435632726035
902,fountain,marble,-0.2911485870724865
903,free,skin,-0.8310146657399498
904,frost,lily,-0.5274656247754489
905,frost,weather,-0.5209924000086508
906,frozen,shop,-0.6774539248381062
907,frozen,soup,-0.25515616605324654
908,fruit,orange,-0.26130590007958165
909,fruit,product,-0.6039099993482278
910,fruit,strawberry,-0.23844491949410107
911,fruit,sunflower,-0.32451389267342556
912,fun,haircut,-0.5767458298115274
913,fun,happy,-0.40101557822384304
914,fungi,insect,-0.41520547409358355
915,fungi,mushroom,-0.51116069721064
916,furnish,impress,-0.6765634192970429
917,furnishing,jumper,-0.8617490845419752
918,gallery,journal,-0.7704966987177131
919,gamble,pyramid,-0.6838597358182813
920,game,playoff,-0.16992354259758669
921,garage,kitchen,-0.3807082239440548
922,garage,opener,-0.8225118306723893
923,garbage,lunch,-0.7165723255604272
924,gardens,sink,-0.7254446757338833
925,gardens,tend,-0.7365664723406795
926,gas,neon,-0.734610742322524
927,gas,sewer,-0.4898787072775149
928,gasoline,town,-0.8854630116154303
929,gauge,meter,-0.7862603418487988
930,gem,quartz,-0.6010369099936537
931,germany,worst,-0.8770432556234526
932,get,regained,-0.7785538903431496
933,get,start,-0.601680760161269
934,giraffe,mist,-0.725222546650778
935,giraffe,zebra,-0.3128413462893489
936,giraffe,zoo,-0.47611162637676663
937,girl,sexy,-0.3987817218348636
938,glove,wear,-0.5876900490934285
939,goose,outfit,-0.6654713558993606
940,government,immunity,-0.5160124560404875
941,governor,office,-0.6378864065768366
942,graduate,graduate,0.0
943,grape,wine,-0.22089538181047175
944,graphic,roof,-0.8389509034619347
945,grass,ski,-0.716532286906584
946,grass,skull,-0.5890324460232954
947,grass,stop,-0.8399962473444389
948,grave,memorial,-0.5167347650197693
949,grave,santa,-0.7417700135856257
950,grave,shore,-0.7650115609556472
951,graveyard,ruin,-0.5826897623765845
952,gray,property,-0.9037769858930967
953,greater,greater,0.0
954,greater,large,-0.7053099771469606
955,green,number,-0.9007311732263165
956,green,yellow,-0.14752323374496956
957,greeting,receptions,-0.6721102267398136
958,grey,pink,-0.36726629874612793
959,grey,rusty,-0.5555699018672058
960,grey,white,-0.3202282420877499
961,guardian,livestock,-0.8626775681161172
962,gulf,ms,-0.9050743700511465
963,gun,picture,-0.7651635289648189
964,guy,idea,-0.4333478750741768
965,guy,kid,-0.12652655660755274
966,guy,kiss,-0.5148619824312022
967,guy,people,-0.6088784816479005
968,guy,poodle,-0.6474096202077289
969,guy,sitting,-0.6071786144873389
970,guy,smile,-0.4618260160816675
971,guy,stand,-0.7191084995818866
972,guy,tear,-0.8205037060925693
973,hail,judge,-0.8734684233760764
974,hair,redhead,-0.5300104259469848
975,hair,stencil,-0.7212452173682414
976,hair,wig,-0.22640806595008378
977,hand,left,-0.48329104209973905
978,handle,shop,-0.7479287153693956
979,handle,terrier,-0.8780494023616175
980,hanging,smile,-0.6711228576438983
981,happy,licking,-0.7385467424084053
982,happy,mom,-0.46018248446154597
983,happy,post,-0.9304507738431816
984,happy,sleep,-0.6118400267873512
985,happy,stand,-0.7469810505820066
986,happy,stop,-0.7634693240491622
987,happy,time,-0.7042704945342502
988,harbor,sea,-0.2826614746802498
989,harbor,sunk,-0.38263236954475377
990,harbour,ship,-0.5720284035474992
991,harbour,shore,-0.4048512284789709
992,hard,zoo,-0.9071258748821603
993,hat,jacket,-0.15270351550888717
994,hat,jean,-0.6246481483625917
995,hat,peel,-0.7455585552328766
996,hat,role,-0.8515652310746983
997,health,welfare,-0.3272608620581938
998,heart,wing,-0.8054104820666959
999,heater,stove,-0.285043077612986
1000,heel,stack,-0.654088361522424
1001,held,nest,-0.8676339336988146
1002,helix,spiral,-0.5296136544685686
1003,highway,road,-0.1446908932779788
1004,hill,horizon,-0.676357156258873
1005,hill,mountain,-0.3763143554186361
1006,hill,scenery,-0.721416359337777
1007,history,recital,-0.6665662865879709
1008,hit,tourist,-0.8052701403809427
1009,hockey,ice,-0.6810422788859685
1010,hockey,play,-0.45644430148157
1011,holiday,travel,-0.5491055022525322
1012,home,smoking,-0.8310180004100557
1013,honest,sincere,-0.20415303358809356
1014,hood,protection,-0.8028715878289172
1015,hope,psychology,-0.839607956684069
1016,horizon,sky,-0.21665703777283118
1017,horizontal,surface,-0.43676637603853163
1018,hostility,war,-0.5698721352364466
1019,hot,hot,0.0
1020,hot,sunny,-0.6009660539573138
1021,hotel,kill,-0.9189174725942493
1022,hotel,library,-0.5269324159715101
1023,hotel,oak,-0.5970186237097224
1024,house,staircase,-0.5358644586127337
1025,house,windmill,-0.6455384630138261
1026,housing,vault,-0.8697788965323174
1027,hummingbird,rodent,-0.6647412303207496
1028,husky,painting,-0.6793311640298434
1029,image,visualize,-0.5839389530902319
1030,impressive,striking,-0.45676860207443115
1031,industrial,lake,-0.7951333886873153
1032,information,target,-0.7704878529814609
1033,infrastructure,structure,-0.5651956483843303
1034,initial,letter,-0.7169653676756271
1035,injury,wrong,-0.8487654738730068
1036,ink,liquid,-0.4564812708134893
1037,ink,organ,-0.7249260518413647
1038,insect,lizard,-0.4604976167702043
1039,installation,zoo,-0.7437360920906662
1040,instruction,lesson,-0.36647832937925384
1041,interest,lien,-0.7710335867615312
1042,interior,object,-0.7399376017758377
1043,interior,paint,-0.5788795095925963
1044,interior,roof,-0.5526734444586727
1045,interior,staircase,-0.5899415578474962
1046,interior,tall,-0.6676374555867477
1047,interpretation,twist,-0.5422168308907063
1048,intrigue,romance,-0.2734335566545999
1049,inventory,listing,-0.6219493806975367
1050,invite,requests,-0.6984560183193137
1051,ipod,rope,-0.7128114482608181
1052,iron,robust,-0.8269138091808934
1053,israel,israeli,-0.25399314637377923
1054,israel,terror,-0.48336682178851065
1055,issue,up,-0.8635193983342834
1056,ivy,oak,-0.45172780001933843
1057,jaguar,storm,-0.8083877895149766
1058,jamaica,queens,-0.4557151114012339
1059,jazz,play,-0.6131633151146565
1060,jean,shirt,-0.684059708153395
1061,jean,washing,-0.8249742203398949
1062,jellyfish,punk,-0.7377943588682205
1063,jellyfish,texture,-0.7040368791259048
1064,joke,message,-0.6268338202076336
1065,journal,writing,-0.5596607273024135
1066,judgment,sense,-0.5314752085886099
1067,jump,stitch,-0.7626029067537142
1068,jump,uniform,-0.8267570721632356
1069,jury,school,-0.8217442935596746
1070,justice,official,-0.5454549054761342
1071,juvenile,rope,-0.7934996453236063
1072,key,misty,-0.8657079678193526
1073,key,motor,-0.8354305019161605
1074,keyboard,soldier,-0.8671973322455823
1075,kidnapped,shanghai,-0.7485900837152215
1076,kill,sacrifice,-0.6808049170325341
1077,kill,shot,-0.664683690831624
1078,kind,soft,-0.7110557130105211
1079,kiss,rusty,-0.6214378318057352
1080,kitchen,sleep,-0.648678181103217
1081,kitchen,stair,-0.5666286635558054
1082,kitchen,washing,-0.3454857560209831
1083,kitten,kitty,-0.40608569451930276
1084,knock,tap,-0.6298687225142399
1085,lad,wizard,-0.4688696039995188
1086,lady,sexy,-0.42804827070063345
1087,lake,scenery,-0.5878496568586995
1088,lake,town,-0.35936512055097614
1089,lamb,lantern,-0.7842573154446233
1090,lamb,number,-0.9035920076020255
1091,lamb,snow,-0.7339584591613059
1092,landscape,mountain,-0.5314888780465776
1093,landscape,stadium,-0.7131515395295198
1094,lantern,oak,-0.593530713382511
1095,lapse,suspension,-0.6409573418581247
1096,last,last,0.0
1097,last,senior,-0.8725156912983366
1098,laundering,machine,-0.8006088770964008
1099,law,mosaic,-0.8313673072001645
1100,lawn,sleep,-0.6748976314012138
1101,layer,region,-0.8804746633805813
1102,leaf,nature,-0.8028544975701111
1103,lean,rest,-0.6466657639413349
1104,leap,second,-0.7273516072601511
1105,learned,learned,0.0
1106,leather,pouch,-0.44409100310733796
1107,leather,sunshine,-0.7211776059330788
1108,leave,pass,-0.6732078669964615
1109,left,morning,-0.804694614589486
1110,left,walk,-0.659934143122236
1111,lego,rodent,-0.7283550528391984
1112,lever,machine,-0.49012495594217864
1113,lever,open,-0.7318612929576045
1114,licking,marble,-0.7151913596312467
1115,licking,pier,-0.758520574011823
1116,licking,puppy,-0.516200095020199
1117,licking,rusty,-0.6360497431150871
1118,licking,sitting,-0.5620794657874597
1119,lie,line,-0.7111368005216407
1120,lie,sun,-0.6813636635185132
1121,light,shadow,-0.44391378326220143
1122,light,sleep,-0.7490060388721274
1123,light,sunlight,-0.3171021192569393
1124,lighthouse,wall,-0.5680892967045519
1125,lighting,man,-0.756460272815699
1126,lighting,stone,-0.5042255881269091
1127,lily,plant,-0.6466164501338741
1128,lily,purple,-0.4195993198489587
1129,lily,tulip,-0.4085388312420808
1130,limb,limb,0.0
1131,line,street,-0.6461658274257742
1132,lion,square,-0.6731733605260206
1133,list,position,-0.7957351959986478
1134,list,post,-0.6969795516196622
1135,list,shopping,-0.6439496814283698
1136,listing,organization,-0.8140625649322336
1137,live,stitch,-0.7765467264527168
1138,location,space,-0.5973122405295899
1139,lock,mannequin,-0.717423156269309
1140,looking,sightseeing,-0.7562088607550874
1141,loss,reducing,-0.7438733230514926
1142,love,romance,-0.3031281020557447
1143,lower,sustain,-0.681485900401056
1144,lunch,morning,-0.6227881447046001
1145,lunch,sunny,-0.6853133320492137
1146,machine,pond,-0.7011191014371556
1147,machine,sketch,-0.7270536979231925
1148,machine,washing,-0.477069737309607
1149,magnitude,size,-0.5898197799037967
1150,magnolia,maple,-0.43220502575037734
1151,maker,manufacturer,-0.06433633933797323
1152,makeup,people,-0.8646122542551196
1153,male,man,-0.5573710827937026
1154,manufacture,up,-0.8496076737926637
1155,map,sewing,-0.8335660646408954
1156,map,video,-0.6913870445623655
1157,maple,oak,-0.3090257871202059
1158,marble,postcard,-0.6145633761070727
1159,marble,sing,-0.7787032199137135
1160,market,shop,-0.6778484998189758
1161,market,sweeten,-0.7256988046391157
1162,mars,water,-0.7028655528196279
1163,mask,roof,-0.5957382227623947
1164,match,matchstick,-0.8388490573375732
1165,match,play,-0.4221266450249128
1166,matter,text,-0.7375370029201047
1167,mayor,villa,-0.6383535676393335
1168,meal,rice,-0.30638582390430025
1169,means,tool,-0.4925874993522025
1170,measure,twist,-0.8239989963448473
1171,meat,moon,-0.7824385627890261
1172,meat,potato,-0.1918148506671743
1173,meat,soup,-0.19363592173995436
1174,medium,organization,-0.9114591654381541
1175,melody,music,-0.3424738992299181
1176,memorial,rope,-0.7930616589546173
1177,memory,operation,-0.7779284411071741
1178,metro,rail,-0.36203134845650775
1179,metro,train,-0.42690469077452964
1180,military,reflection,-0.8687868306185029
1181,military,wasp,-0.7929213921074213
1182,mill,wild,-0.6994639595250453
1183,mill,windmill,-0.5162029774270518
1184,miniature,paint,-0.5033431645711927
1185,miniature,painting,-0.4943974808970514
1186,minister,work,-0.9537739278496797
1187,mirror,raspberry,-0.8115042612362705
1188,mist,sky,-0.3497059622069293
1189,mist,sunny,-0.5164321090081597
1190,misty,sky,-0.39252219438243585
1191,misty,snow,-0.45158091527219435
1192,misty,sunny,-0.430941204463572
1193,misty,sunrise,-0.43945686859575706
1194,misty,sunshine,-0.38473641615104415
1195,model,toe,-0.7447902739813586
1196,mole,spy,-0.6680563101887138
1197,moment,thief,-0.7776745779829086
1198,money,pile,-0.7839916208183322
1199,money,quota,-0.686172522855718
1200,monster,rock,-0.4693940420513396
1201,month,year,-0.21577043712906419
1202,moon,mushroom,-0.6394600852463971
1203,morning,sunrise,-0.3602665231779828
1204,morning,sunshine,-0.49508939711597666
1205,mortal,mother,-0.70812318115603
1206,moss,plant,-0.6827071295305986
1207,mother,mother,0.0
1208,mother,mother-in-law,-0.17837756429506924
1209,mother,pregnant,-0.25973344645450835
1210,mother,yeast,-0.8694835034758724
1211,motion,step,-0.6471479654338528
1212,motto,volunteer,-0.6381303818515451
1213,mouth,tongue,-0.21042405451824875
1214,move,shifting,-0.6489425204567627
1215,move,spread,-0.7874568229460613
1216,move,swell,-0.7187373922926767
1217,mozart,wagner,-0.49717655697631935
1218,museum,swim,-0.8011857267327029
1219,music,musician,-0.4276266110045245
1220,music,print,-0.6410257550691103
1221,music,track,-0.7687396002914444
1222,musical,solo,-0.4252077808169027
1223,nail,rusty,-0.46783344258077364
1224,nation,spanish,-0.7853386633563315
1225,native,rhodes,-0.5929771512287585
1226,necklace,snow,-0.7491682520393999
1227,nest,wasp,-0.47297433283462986
1228,noodle,pigeon,-0.5720463829825206
1229,novel,story,-0.31410293538058087
1230,nude,painting,-0.41838419492977474
1231,nurse,nurse,0.0
1232,nut,sunflower,-0.3694177994917657
1233,observation,radio,-0.7422409266407981
1234,observe,violating,-0.634302145900709
1235,obvious,plain,-0.678380407177633
1236,obvious,room,-0.8761637753421136
1237,occasion,second,-0.837658318893931
1238,occupation,place,-0.8919461043939433
1239,ocean,pacific,-0.28634546537881345
1240,ocean,underwater,-0.3388130464761515
1241,ocean,water,-0.4571540590953771
1242,old,race,-0.8063555897675329
1243,old,seat,-0.6658783824570766
1244,operation,operation,0.0
1245,opinion,sentiment,-0.4604692998809621
1246,orange,peel,-0.2936066197495142
1247,orange,raspberry,-0.23914355744406623
1248,orange,shop,-0.6145360125669432
1249,origami,stadium,-0.8276715084699224
1250,origin,root,-0.6907384210386881
1251,out,sent,-0.8173841069157965
1252,outdoor,pool,-0.336026652230512
1253,outdoor,swimming,-0.36526270536601413
1254,outfit,sign,-0.7819576658302838
1255,outfit,sock,-0.47848753909802255
1256,overflow,sewer,-0.4550035008382638
1257,pain,suffering,-0.16929164706673527
1258,paint,picture,-0.6052898937529094
1259,paint,portrait,-0.5696169957613844
1260,painting,sculpture,-0.21051500141891988
1261,palace,ruin,-0.7067861422390913
1262,panorama,scenery,-0.3770148733270231
1263,panorama,view,-0.3758956619548516
1264,panorama,zoo,-0.6739962352709576
1265,paper,railway,-0.8160192995073106
1266,paper,vine,-0.6871398197210836
1267,papers,security,-0.7761403972517733
1268,park,parking,-0.38930395814223073
1269,part,relation,-0.6075801086018768
1270,party,seat,-0.699846120425546
1271,pass,ticket,-0.7521281335456792
1272,pass,topping,-0.8064385130214116
1273,passage,quotation,-0.5505024945611077
1274,passing,passing,0.0
1275,path,star,-0.8207703157725422
1276,patio,sleep,-0.6725218702437111
1277,patio,stair,-0.5373600833389569
1278,patio,staircase,-0.3820603853249457
1279,patio,woman,-0.7413266240059173
1280,pavilion,terrace,-0.2723837884070719
1281,paw,theatre,-0.7894837284892751
1282,peel,skin,-0.3898122847922858
1283,pennsylvania,writer,-0.7574551015606769
1284,people,wounded,-0.5717396702173931
1285,pepper,potato,-0.19048849826188252
1286,pepper,tomato,-0.09550677129770113
1287,person,tiger,-0.796820279934912
1288,personnel,police,-0.4049276349047002
1289,persuasion,weapon,-0.6553755720036396
1290,petal,shade,-0.531953110377136
1291,photo,photography,-0.445720637726327
1292,photograph,still,-0.7326103570026052
1293,photographer,portrait,-0.4562304966997318
1294,photographer,wedding,-0.6166737031852156
1295,piano,wolf,-0.6549990683912311
1296,pigeon,round,-0.8551512427832259
1297,pillow,stone,-0.5659035929480848
1298,pink,skirt,-0.24125483061634379
1299,pink,white,-0.152091801741861
1300,place,place,0.0
1301,place,siphon,-0.8210223207522858
1302,plain,report,-0.9271801761665065
1303,plant,seed,-0.5175504273075113
1304,plant,skate,-0.8770249164124636
1305,play,rail,-0.9173300081796979
1306,play,sign,-0.7138575333546775
1307,play,thousand,-0.8789549853626244
1308,player,slave,-0.7868752813129318
1309,pledge,promise,-0.24330584752993079
1310,plot,strategy,-0.5810000529430555
1311,point,second,-0.4778771498590795
1312,point,spot,-0.5720071546625877
1313,point,tennis,-0.8462047799570505
1314,point,trouble,-0.7165885752283203
1315,poll,poll,0.0
1316,pond,water,-0.39949025493534285
1317,poodle,puppy,-0.31047453183056417
1318,poodle,terrier,-0.29421782999578494
1319,pool,relax,-0.6411906175117701
1320,porch,roof,-0.3260608597137621
1321,porch,scooter,-0.6574688038503766
1322,porch,staircase,-0.37563539448278627
1323,portrait,underground,-0.777204561945081
1324,potato,rice,-0.17250511643506417
1325,president,president,0.0
1326,price,price,0.0
1327,principle,principle,0.0
1328,privilege,rich,-0.6886213704277016
1329,production,production,0.0
1330,profiling,racism,-0.33868057719126765
1331,protection,roof,-0.8554626057221429
1332,protest,tile,-0.9028565098251284
1333,publish,show,-0.7005274162343862
1334,pug,puppy,-0.36422656257076536
1335,punk,vinyl,-0.5817491592963715
1336,puppy,skyline,-0.813295463214798
1337,purple,violet,-0.3126469571130547
1338,pyramid,speculation,-0.8458416864948792
1339,quality,romance,-0.7143359878846829
1340,queen,queen,0.0
1341,race,racing,-0.2927356008342109
1342,race,square,-0.8633523224525901
1343,radical,role,-0.6616614189481265
1344,rail,train,-0.21455809242692836
1345,railroad,underground,-0.4243582513715778
1346,railway,station,-0.29602484426744835
1347,rain,wet,-0.4813667985576273
1348,raise,shoulders,-0.8852484139224442
1349,raising,upbringing,-0.8028382059388331
1350,raspberry,sweet,-0.2664607238092318
1351,read,reading,-0.23457631536773282
1352,rebel,soldier,-0.4806998167607185
1353,rebel,young,-0.8630319126974678
1354,recognize,succeed,-0.5985650673176961
1355,record,score,-0.43422907284048484
1356,record,write,-0.8713215449273393
1357,red,shade,-0.371123584994665
1358,red,stripe,-0.3819350825513702
1359,redhead,rusty,-0.6138451065864401
1360,relax,sitting,-0.5630179676223417
1361,relief,total,-0.7191706898997157
1362,religion,remedy,-0.6469798341772235
1363,religion,trinity,-0.6496338178029373
1364,report,study,-0.47607288984185325
1365,reptile,vacation,-0.7896176284532224
1366,reservation,reservation,0.0
1367,resistance,resistance,0.0
1368,reverse,reverse,0.0
1369,rice,yellow,-0.5530305248983363
1370,ripple,shadow,-0.6708293669805344
1371,ripple,wave,-0.449568194214387
1372,river,valley,-0.255350120481455
1373,river,waterfall,-0.381942369730092
1374,robbery,rolling,-0.8604562739222393
1375,rod,rod,0.0
1376,role,title,-0.7469911199906144
1377,rolling,sound,-0.6301585340421918
1378,room,sitting,-0.3350838735564029
1379,root,stem,-0.49550909527390896
1380,rope,shore,-0.669475289194265
1381,rose,rose,0.0
1382,round,shape,-0.7890577670177423
1383,row,terrace,-0.5318072314366509
1384,rub,wipe,-0.43911490758378013
1385,ruin,stone,-0.6145603884167139
1386,ruin,town,-0.7076392693784028
1387,running,sprint,-0.6567009261664221
1388,rusty,shade,-0.5689649208368773
1389,rusty,stand,-0.7214841146021556
1390,saddle,soap,-0.6076912923871529
1391,sail,sheet,-0.7988966142998438
1392,sailing,sunk,-0.4765725295702433
1393,sake,shade,-0.7262329785953925
1394,satellite,solar,-0.5069532575613607
1395,scenery,trail,-0.5284437369535901
1396,school,welsh,-0.7301542545218835
1397,sea,shore,-0.24985522759396728
1398,sea,submarine,-0.4142039541049576
1399,sea,water,-0.4518480217155669
1400,season,winter,-0.5680007258194738
1401,seize,take,-0.5896163564041297
1402,series,string,-0.5642639335920818
1403,sex,sex,0.0
1404,sexy,smile,-0.5248370432497809
1405,shade,tree,-0.32661749049099476
1406,shade,whale,-0.6978798897733138
1407,shadow,sunlight,-0.4527124442222529
1408,shape,square,-0.7119663094345285
1409,sheet,sheet,0.0
1410,shining,work,-0.8157752464931634
1411,ship,spouse,-0.8626594244996565
1412,shirt,tiger,-0.7060494310364059
1413,shopping,store,-0.31091898815485874
1414,shore,swim,-0.42643803637862465
1415,shore,town,-0.42933005234998833
1416,shore,valley,-0.5161034209229649
1417,short,trading,-0.7717722888708212
1418,sight,vision,-0.5818033356607013
1419,sign,sign,0.0
1420,silence,still,-0.625635156181936
1421,single,sole,-0.5251367366513373
1422,sitting,sleep,-0.5065991765027825
1423,situation,things,-0.4321501431190714
1424,skate,vehicle,-0.7972144038580614
1425,skating,sticker,-0.8241827078644195
1426,skin,skin,0.0
1427,sky,sunlight,-0.3472526158717064
1428,skyline,view,-0.4457200242047581
1429,slash,stroke,-0.7741309201463412
1430,slave,worker,-0.549882570666099
1431,sleeping,waking,-0.33940216330759154
1432,small,valley,-0.6095173827300813
1433,small,village,-0.5703285826771122
1434,smile,time,-0.7894693978456604
1435,smile,view,-0.718422607160254
1436,smile,walk,-0.6563295649857783
1437,smoking,sunny,-0.7903627830968414
1438,snap,touch,-0.505655336727689
1439,sock,stocking,-0.47277581465377994
1440,solstice,summer,-0.48186691187553354
1441,song,vocal,-0.363173985011211
1442,speech,word,-0.5981136297610119
1443,spin,sweat,-0.650408631030279
1444,spiral,staircase,-0.36689784868983666
1445,spread,spread,0.0
1446,square,town,-0.4656885530706505
1447,stamp,weave,-0.7209755611602433
1448,stand,tear,-0.7220890031136714
1449,stand,walk,-0.4671808275967787
1450,star,star,0.0
1451,star,storm,-0.7999725353084103
1452,steel,wing,-0.7190820833098812
1453,step,travel,-0.860832611971749
1454,step,walk,-0.6324277559111983
1455,step,wind,-0.8237630129497907
1456,sticker,track,-0.775881304399648
1457,stock,stock,0.0
1458,storm,thunderstorm,-0.25455110407680026
1459,straight,stretch,-0.5215516141355592
1460,strains,trouble,-0.6854944863394874
1461,stream,waterfall,-0.41549046301196757
1462,stripe,train,-0.831674047504034
1463,stripe,violet,-0.4528123377646318
1464,subway,underground,-0.41046866381889213
1465,subway,valentine,-0.8237837193755335
1466,sun,sun,0.0
1467,sun,sunburst,-0.6711451272874154
1468,sun,sunlight,-0.2844983757764442
1469,sun,sunshine,-0.3235622345802266
1470,sunlight,thriller,-0.7399869978987852
1471,sunny,weather,-0.37262724377249645
1472,sunny,wet,-0.5391404754809057
1473,sunshine,weather,-0.3675971473348647
1474,support,trace,-0.8216556843188758
1475,surface,territory,-0.7562455379349926
1476,surfer,wave,-0.6654186643600626
1477,tall,wool,-0.5160106171367264
1478,tenure,term,-0.4123315288795014
1479,thing,thing,0.0
1480,ticket,writing,-0.822244204437535
1481,tops,tops,0.0
1482,touch,upset,-0.7604849107481296
1483,tour,travel,-0.555774996789323
1484,traffic,traffic,0.0
1485,train,train,0.0
1486,travel,travel,0.0
1487,travel,wandering,-0.7402116556613787
1488,tunnel,underground,-0.29742645099398934
1489,type,write,-0.6828399763778188
1490,valley,village,-0.3288581713450093
1491,van,vine,-0.7348190300018372
1492,violet,white,-0.3998893829349277
1493,violet,yellow,-0.3661373605535857
1494,washer,worker,-0.7614234825981379
1495,water,water,0.0
1496,ways,ways,0.0
1497,weather,winter,-0.34667681987118437
1498,wednesday,weekday,-0.6785612280994544
1499,word,word,0.0
